x_1,x_2
-6.875469124378924,0.6443773694606285
-6.186190443567256,0.46538448216755235
8.75217184718609,0.8605720508292365
7.844693774162124,0.19243139646967222
-3.850962673992214,0.023612562439745632
-3.756322752627227,-0.7540538937252395
4.940364138624005,0.5622433024993989
9.028807419647777,0.5262584628717086
6.706148272166871,0.5924349658835582
-8.866979701867052,-0.7544961512599773
-1.2871603158335603,0.6066984178520713
-13.088961879912574,-0.05634074301956149
-9.36901730000477,0.6830706927586341
-9.292002081675335,0.29479273094168823
-2.368200288952835,0.8715117264669665
-4.191509970969662,0.5787078240536028
-0.135509866775692,0.6648235864663974
-2.8629552351557663,0.06583173060125458
9.398178419049103,-0.010273426928457008
-7.41220222588403,0.7476247245518306
3.627886089471289,-0.07345486855241679
5.868016153879196,0.5271194404228121
-4.552213426145627,-0.0187223669318064
-11.786316895377922,0.6876896227597309
-5.682899088025167,0.4095791753470399
-6.933967245966443,0.8661769037746461
9.044172633659372,-0.7024971163553446
13.162402684205944,-0.020236686480705313
-13.66324130195315,0.321272060328073
-0.7388990356500784,0.6244913955697378
-1.6490564800135274,-0.42565431283771704
-4.612860048152626,-0.4604300546665925
6.5129303340843165,0.5388369418269838
-5.073714974196179,-0.5752980010391129
6.69958398942245,-0.21547175638249194
5.973501543128236,0.30838390017976325
-7.132651880734059,0.1111145255540551
-8.877255490820303,0.5694100997410618
9.118457423417723,0.26948379182330573
-3.624187620441816,0.8461841481462735
-4.317477799605186,-0.07149381569862023
9.819067848756944,-0.6326350910268705
-0.46361539822544273,-0.565795346417121
-2.0840475657539344,-0.8985424963379609
1.168820694441422,0.0674002881391087
10.978173538869072,0.17899915871938488
10.335059815097281,-0.6155287886972141
3.3991410957321193,0.9016871804789066
-3.906413967459585,-0.4599751930990259
-13.321100233126685,-0.4102430424151253
3.4982428496339537,-0.088573644208358
-3.8015862386713053,0.3975291998096122
-5.962687282939896,0.688705819146558
-6.885301378521376,-0.02072643925222417
-3.592814659538533,0.19389841500529847
-5.653651283982526,0.4891776087584576
-6.392609534472186,0.46656625838399735
9.683255606201755,-0.4197612493242877
3.787992246747976,0.3441717917312457
-1.7679585636457062,-0.07968209824705541
1.7258355625775295,0.30770195711346493
6.26181696910146,-0.4820264943420638
8.387416579075776,0.6461142614910014
7.926616605540971,-0.5668822395156483
-2.691993976860303,0.2924638033553586
-10.191609127061213,-0.4807240019446668
11.216832697503705,0.5600762586577488
-11.5634796865709,-0.2729264414162358
11.445003789503687,0.6231744860451076
6.062457868343387,0.6186350268287475
-7.800575202365437,0.1876310006445696
-13.169100625028122,-0.3435687964245655
-11.715060400323082,0.3531871418556187
6.520230283303789,0.48908026845695574
-3.6011417134750303,-0.6802991392387598
12.486506277060897,0.06188031177859865
-1.9773984229968278,0.23164496338465224
2.348748751479519,0.20619396629685927
-4.779491505540918,0.6587764406263457
7.343700746633772,0.7054892887247741
4.441644559483905,0.25901881176729
3.338107603697054,0.7024523821077564
8.791648482651865,0.5836967568859752
10.684354138867434,-0.7914236848084009
5.753942722414379,-0.14266867821378248
12.515050999842401,0.6063469254865332
-3.0606133673967975,0.926942030053084
-4.658057034149522,-0.9714168736539393
-8.265231712318183,-0.7823589141977101
8.693238297102866,-0.7382169873795768
-0.8979612871014666,0.21506063120553187
-4.197269679518627,-0.5486353053780526
-0.24776512014190644,0.688770280812546
3.848764944659422,0.74579376913955
-4.488582264711653,0.34507245460849023
8.271941309925879,-0.23934620458795552
-8.353817527340837,-0.11070685601929608
3.3536420440820365,0.2578721208025141
-11.471427958909345,-0.16576554940306587
-5.62217158197025,-0.4506996532042964
1.5626281835110944,0.2898023934197551
-6.03259747711715,-0.6760361197226232
-8.466933553049458,0.02012060066225585
3.66412683768489,0.1165727899957385
-4.463457245280722,-0.8711611771765415
9.071195144400932,0.2647842610795721
-3.7694354876449268,0.7227653185335352
0.8326094093967384,-0.3506264450820544
0.10968929308890552,-0.5091576805134586
-9.995271112708082,0.8023787354958232
6.013134532654135,-0.34961706881941
5.7481462050483145,-0.8668909143969419
10.345171947923475,-0.4323037754386141
-1.143231982245311,-0.04623996392496443
13.18363333449581,0.47196308010009647
-9.211999115034402,0.4840244550066801
-12.271663672973986,0.687969951993658
12.243692760859275,0.5702739894735018
-1.1245911210477715,-0.34493198895302357
-7.941430354351681,-0.3184695257716865
3.150584783550215,-0.24615399818600436
-6.893710224556642,0.7511924750487726
-1.7588627788451845,0.01997106024063333
-1.2475945016255992,0.5929496186507117
7.2229697569096345,0.34824790649693016
11.060324668575404,-0.10814238054530456
1.2752732733129193,0.7007407249513085
2.3132552553642967,0.9126000231945957
-6.775603621786885,0.007628949203742019
7.480169974366206,-0.8171548659218955
8.54501631942182,0.3322854253376122
10.186823388783424,0.6454163328008375
2.931772144710962,-0.5011965053106573
5.802361773220824,0.5310203024988707
-6.801147302374005,-0.05075850839090701
0.03418811529725474,0.7229676736956305
-5.895813697647796,-0.22506683366763824
-10.721687589553852,-0.8105973327522722
-2.258157916474673,-0.2804665539035811
1.0305901286684787,0.3835794588771384
-1.091966551597892,0.906686616218946
7.046782973516528,-0.1081042068050897
-4.280930800322963,-0.8558233126459869
0.7566427784607299,-0.04217534396108724
-11.093493126953689,-0.6928690407127442
-8.380584583948973,0.5014614627869542
-12.314334662477862,0.5356732213643738
-4.676001833236526,-0.9855920087576793
4.355400911798384,-0.0340529425820888
-9.800362367449495,0.8704712006951698
-8.858459405871685,-0.2075438460748611
-11.318166952389134,0.2876316576950495
6.694625273204792,-0.32748355800989537
9.993819097587092,-0.2825188676423973
-4.4662456740387455,0.8212970163903499
-9.74771695420364,0.4338946693867136
7.389957327298305,-0.20416757143211872
-11.934191021204938,0.047744367320282866
7.3938332260695745,-0.8816782046627583
3.776120976086858,0.8794593016818757
2.626475512392716,0.3541058178966019
-6.098118101865651,0.11395739717359654
-10.096707087162699,0.1434013457294223
-7.676229886692184,-0.43030347991330475
-9.433728902967502,-0.369466780583775
0.4836090296203963,-0.5051144595047155
1.3725624881910932,-0.8679663303236764
-9.711361806133297,-0.4936493382680336
-12.185154374295664,-0.7010664896073147
-10.817687000120983,-0.2572271606802037
-8.68888602172315,-0.6106107800019773
2.0098754226515467,-0.3009538551043416
-5.098760132880102,0.3113404693440063
-8.45615363522829,-0.2378080682735233
-12.526852024815938,-0.5853564363553903
-9.101274433153847,-0.803589462905834
-0.13182330849177504,-0.867377323470025
0.715152958480104,0.004586526394998458
-0.09551788409805795,-0.5824924756692615
5.211532421243774,0.6500079454335443
-8.790285860136777,-0.5452391368776435
-1.792508604626832,-0.8815917181919206
11.433692601771298,0.5846313914650163
-8.480694670442787,0.12365964242050809
-2.604533722090224,-0.03054603264149347
-2.5635298760877703,0.9392755501213275
-6.848256587089011,0.2858490616799294
9.050158634855492,-0.08349623524426963
-4.970254086058532,0.8586979242109027
4.3976887935452,-0.6972889030247322
11.952901132728528,-0.43091210780842637
-5.919730883908898,0.7455329243531852
-10.773064869603232,-0.286732229859163
-0.2697435309463714,-0.6807644269490181
-11.580853450210029,0.6762576907766598
-3.9624536112765014,0.42340010195333777
-2.972948582253693,0.43242256895001585
-4.5484886485752725,-0.9194200767932963
7.480874749709827,0.9949931021577989
1.0227959926188959,-0.9896102491192633
-1.5783600814236252,-0.6806031241390378
4.752449468284638,0.34361992658507146
-6.371551035087975,-0.34963763853678165
-11.399415684828142,0.32455509665270044
7.943652049736954,0.7181989922906071
-2.6901383728389163,0.5391466332738803
6.340223535335369,0.30790830274687586
-1.2920208092471483,0.29135274474696216
-1.2987422232129546,0.8980525547214493
12.358591442147443,0.6668642103503493
-0.07493944607917058,0.41439141660848633
13.673884415982869,0.27232363792584735
-4.636743317044704,-0.21497820868445428
-4.259025673554476,0.8416269776816048
4.755111977504683,0.08783406538163074
-12.136272638138792,0.6797766101356832
8.565594151834517,0.07789272936444802
-6.858311386886086,-0.7308188102444633
10.860679843924984,-0.6464692579934417
4.12044526239022,-0.05895425265598808
-9.312342882243058,-0.11309292105579893
-4.935861976744221,-0.641710239025512
4.726229894221575,-0.47862435584567264
4.260323227967973,0.33057911898554737
-1.4351378996366577,0.1449044518998177
-3.413076321590097,-0.20314451258033261
4.36556254196374,0.5737955939045756
-1.6233808198862647,-0.5043717241793311
-3.45591736596036,0.36113380513086524
3.2321518822509887,-0.651271016757244
-4.786536586652332,-0.09746283999238958
-1.5195335039566658,0.21210642038159078
-8.170458185530947,0.36022538108553825
0.6336401367266262,0.07601786444772363
-2.44194155248789,0.8148639691019801
-5.348233584264747,-0.5748439590365355
-12.789901067348296,0.4546708365416374
-5.748692738299923,0.8057029367545414
12.388762497493715,-0.14999367467811697
-0.7135586770606608,0.3076907732485963
-5.761796829833415,0.9014467554562247
5.286644083426523,-0.034902184070960685
9.481551043786695,0.9401460330336349
9.68051326956008,0.8828143371664943
-0.06188598570000181,0.8171210465752168
-1.9585558459374255,0.6842849659048322
7.276755183330323,-0.7280048980709324
6.617768774638179,-0.6649255807956114
-0.3109925433245593,0.22903094539052038
-1.2879096074900787,0.033085409954263234
11.930468794791977,-0.005240598427052934
5.419647756121449,0.9774297904581071
-5.955746293453274,0.35050200933814213
-7.352087514813405,0.37621639529166684
-5.201095319154774,0.660367562490191
9.10057983960148,-0.04463934705285855
4.549866243135668,-0.4572093914986963
-12.265870021613281,-0.6647706553240029
4.517647810941099,-0.1019894248995512
-5.633910327945557,-0.791777002607867
-7.177789247483574,0.4267157495614524
8.198912682413791,-0.1193098077612369
-6.489703456179569,0.045160771131870225
-7.95611931973697,0.49696319418976453
-0.8854472810324552,-0.34963071127507384
10.3509278289809,-0.016271255963709486
-2.312979362763741,-0.5094056063758097
-12.79235147693285,-0.22840012736085957
-8.194237423171998,0.7533298241237274
1.5399103349670753,-0.6391918682995434
11.990402463147063,-0.33305299446105807
8.072229703779826,-0.8504008563304006
-0.5570746805942264,-0.16353471551577226
-11.438073965655121,0.5227472544266316
10.555513217020234,-0.35473043370298774
-5.7755215469772025,-0.5169804559056936
7.608598692753233,0.861296574324981
-1.7677029392479113,-0.7614364000778227
-9.72736818141098,-0.7359003411617395
-12.031286667979657,-0.5521238830631545
-0.10264298370820768,-0.14107045123605877
-7.415645978373007,0.6100212011675248
-1.8323524756251146,-0.5345812918755335
-6.923697430326655,0.6160269846587005
-6.209799635469281,-0.48029592106382224
-6.704611950427378,-0.9889033399404255
9.668067925009026,-0.3919175565701678
-1.6775391551253023,-0.4997285267921965
8.758740770036397,0.940721712514381
9.280277549906657,0.1446277277611725
6.8099145076028265,-0.5537710879790456
-0.5140513356732441,0.4697643076914526
-11.939124641606313,0.04493721161547315
-9.444790278828961,0.02068417750467133
2.5539407021488927,0.096642136597481
1.5174364261724094,-0.9626702590319116
-11.040765265641454,0.8369423542868948
-12.498325549512955,0.5618914947904017
-1.7198193224629676,-0.32205315368568077
-0.277870143280353,-0.8972862088565923
6.434964392708409,-0.24532344265341965
5.301544348002452,-0.3548098287972332
-1.567510061829097,0.15608477240083984
-8.806334350344457,0.17360261341630534
-2.3293848259289973,0.45101948163378514
-1.8867986008356041,0.935036694425047
12.579531268227967,0.5204619897989886
12.482625563558258,0.029126319476736606
11.791092805494173,0.3282074201649514
9.302794867894406,-0.37675961724437323
-5.7627679081620755,0.692812963955793
-12.975938338486046,-0.5505912863394364
1.4316921569086105,0.37948567046150283
8.547961187435817,-0.8936740404423662
-3.8389604445272454,-0.3680525119893516
-4.126886100425978,-0.09381433529196648
1.709947410691953,0.7721433247104863
1.417621376933127,-0.858520685807296
-3.0333434951992757,0.9509990623548505
1.9679717335013578,-0.6315326489962079
-8.628856248392495,-0.5577786384913257
0.5639820966455602,-0.8684155378828964
-2.9675116262455816,-0.7368579155756527
-1.5336940143496633,-0.7779663390946316
-7.935333793604443,-0.4594343923429056
5.980896469331881,0.5478325409957283
10.844153964500308,-0.6347231646057288
3.1057547041233704,0.6224285391188884
-5.8714986814785135,-0.026777630366807914
-4.019144065223415,0.6692697644403762
-5.463200562020916,-0.7471324146632066
6.211760518518886,-0.9994186655729167
-5.249301136551949,-0.25610904594648587
3.8164508205973107,-0.3040653760062946
-7.328911861657275,0.2148103674421724
-6.029133842917659,0.7534787146573743
-12.291958742319721,-0.07457604840266896
1.2013399845274506,0.5570157707522432
-3.297660094118939,-0.9132962215837936
-9.496210128778017,0.7226644435648821
6.21291952466359,-0.2552487091576052
7.734141443599924,0.37416302225254805
-6.750563234542511,0.23796722971784767
1.7824255313406638,-0.3608429567913376
-7.619264344218209,-0.21399804989131965
-1.7069063266988138,0.5339029760302085
6.721687569286743,-0.6432484269558314
-0.9352018037599947,-0.5817824204118913
-1.761078894513716,-0.23624320873764004
-13.888917475148617,-0.2473871106471499
9.279643573203032,-0.2728438045815531
6.4439735815540615,0.33215522616966653
4.431012331730628,-0.4353814762426522
8.242666123097337,0.22026237159119133
9.131969429243767,0.7131953288091513
0.2511979712579233,0.07630152566764825
12.424957307142478,-0.6474527625958695
2.4594347042971947,-0.69056685568218
-4.594967915224046,-0.5980190490724036
13.342208210614714,-0.0814390292025231
13.245418491887634,-0.010255411869831477
-10.425274915236287,-0.054758973018136814
9.357332849487051,-0.061132424716431766
1.5224299932898617,0.7839059243808095
-8.642510536637673,0.05165734978057479
11.832716593836096,0.17968507205671402
-5.2455465598564786,-0.2585674492388368
-11.372935194802068,-0.3469717084715871
-6.256418391326136,-0.7400092508940543
-10.874691862113252,0.7289636798300221
4.40845243086396,-0.31525094428184985
1.293608679814895,0.6011304968179576
0.8730400686505817,0.9758177711461575
0.3666248212802543,0.8543879977739317
1.4173416572489828,-0.7823277307092031
13.222757812215448,-0.27057362450825173
-11.228519633090485,-0.2188964685999255
-0.9196193617326145,0.059068433161675094
10.55478255605793,-0.3344217695767848
7.6262382740342645,0.6567777080041184
-6.585417425087584,-0.7929819682377641
-3.588202443741423,-0.7505872056918175
8.769729286185978,-0.31282859020170095
0.5550129404551853,-0.7357437692151179
-11.143424938452242,0.31639860623020355
14.01831261056725,0.0293739865906415
6.90076003894842,-0.07859327084691037
-9.344932415365292,0.18089156435138154
-5.55030408532167,-0.20338253443076182
-8.086653168812958,0.7907279837986858
1.7132669851176416,0.3547528335743524
-4.9918698620701605,-0.9471102800119557
1.4039085593003477,0.4321803917790721
-0.30671550220471033,-0.4538204261179699
9.347687163589626,-0.6947229186342518
3.5897954598969335,-0.30297696493874526
-9.802613487531445,0.26027816567279616
-6.605714888314921,-0.38859979060718386
-11.89740293881465,-0.6743484872454726
7.457023655730822,-0.6540931025997925
-11.306046775819794,0.167408108678468
2.9774972190495674,-0.20511072206741243
1.2381887701094172,-0.09927715271084336
6.752790558776738,-0.08226361462552689
2.2027123201874446,0.7918132593158187
13.462729198474932,-0.3448928256940744
-10.901737505291138,-0.7748948906832334
5.981756513697363,-0.26473528974472527
8.16237533732118,-0.5628399172666039
2.0151509287575635,0.5499871027850478
-2.8432770109790795,0.08805919171536924
-4.624914460900314,-0.6142185241262805
2.8140896107261284,-0.9020910481248992
14.106947213075046,-0.019429886127207308
-11.487965842989013,-0.7121709187344449
7.221381411848142,0.4987606269779006
4.559463182422135,-0.9218247804871516
-5.252726337127839,0.07565296546233702
-3.2899515657907443,-0.6793539743865218
4.537249725680951,-0.5473828988559308
-2.0552380433696413,-0.1355255607603838
12.367631736882373,0.47392774787266356
-10.085046044688255,0.9884204738799491
3.6712731013277278,-0.5355951968225172
7.4421855007600755,0.07784737681604814
-8.461205121453958,-0.2706465744426474
6.91088209875997,0.26668889154381215
8.179473822351667,0.45861432135066993
1.1432824096023495,0.056507806099619584
10.78936234339119,0.5221075253291634
-0.9966692130097812,0.43771757416262935
2.276945372749111,-0.2899453153997924
-5.401810086816866,0.07294744896828531
8.161539404242674,0.6531850348124337
-12.014198394981307,0.5652274391205103
-5.952044985209554,-0.2654081054194697
3.5155993869973656,0.6978845003902503
-4.8720462541855625,0.9418921452182221
-8.432605023957379,0.42984338010005985
7.578881193139566,0.8634328100469622
-12.057214063300421,-0.5520482117287175
2.809092776079524,-0.49491074112013544
10.901734581182353,-0.762914478162199
7.74276902653483,0.6006709261285197
-8.571891799590333,-0.3557803210554136
13.542447346147824,0.19210709657885694
6.753083129145125,0.0229888437953345
-6.120689085631653,0.38118720318403376
4.212867679791572,-0.5323322892076527
2.4022180861117164,-0.6239715929788094
-8.304503805665902,-0.6500554525862634
4.609303237487026,-0.3747146396394181
0.7973479428776642,-0.15078958683021648
-5.0553595110577305,-0.7036690417423794
10.228086905681508,-0.5733605290276125
9.064417370037404,0.08798088457866893
-3.4646932737733636,0.5562722920303425
-10.763002166229029,0.0052167149396540324
-12.034534668051691,0.02003945810170582
-6.490736666481055,-0.9765074685960904
5.622202338718992,-0.21883377307517038
5.10326861181079,0.0414371315007005
-8.322933512853226,0.19611366938579122
8.207611057758598,-0.295102046216718
0.318149481723907,0.058075814421697736
-7.564991137404988,-0.5954980665718779
-9.901576251696625,0.885069541427836
-10.595454308555574,-0.8056836799868536
1.0532602620076688,-0.4159520763597635
-8.997171207012272,-0.6599278997877154
2.745447095218239,0.7111305062360058
0.311598640039918,0.4407335415630611
-0.7203518359559808,-0.020923181043453365
-3.6831754842528284,0.6419431608319415
-6.455522421733974,-0.8405655186484271
3.1447308711038318,-0.7349054566086513
2.403430190721096,-0.8348780563803004
-11.853628660249612,0.3886618311873604
-0.11093628853846838,0.4630263456676318
-11.189890210248706,-0.3165808435951858
-9.837506768933707,-0.08430874163183821
-12.655295633966034,-0.5510060417747691
0.10412455097706186,0.37400699835476137
8.225230044066919,-0.06370215346763386
-0.6017815759249459,0.6086694239695991
-0.7108272826342557,0.9206128573655081
8.111891727931493,0.1760584850470599
-10.153457130726935,-0.0655337186688223
1.2530222503981605,0.847430237391469
-13.47553935483829,0.09537232840946852
-3.6166894437138666,0.6767377528293841
10.96541154957265,0.6177010968924426
-0.015688637803009442,-0.2739232026939531
-2.166793035259019,0.9317272738989837
2.4588809777573033,-0.2164969149421172
-5.179628297713592,-0.9041456072031551
-9.7537525700412,0.6881924406278397
1.095903546117512,-0.6143325961780688
-1.680652536328651,0.6841972227213438
-4.119820227668967,-0.7011162393042565
5.515128744483675,-0.7457622039489529
2.9435065335453885,-0.41541095619491797
-2.016698969500723,0.7017644718697118
-4.279749379665333,-0.11101570428721597
2.728009286727854,-0.19370489760842657
-6.924049399447952,0.0796629118954979
8.987289286353374,-0.40545817698606523
0.5233373403328727,-0.39664098117260327
1.2514087798451357,0.5805320716415059
11.173436564529709,0.24977319529336328
5.7170656760382315,0.5464800157921283
-0.559288287919486,-0.6163013238511224
-3.554285577800485,0.05568275067228812
1.8985073311597773,-0.9355451399627617
-10.081578773878803,-0.15667495950112764
-11.000053555193844,-0.4457100191619223
7.826128440284336,0.18593051994545307
3.142213581743164,-0.05412003194357262
9.447073704264056,0.8133602659070021
-8.758692392302933,-0.35795828095791715
-1.0814398245261714,-0.9453819956328424
-2.264925433256252,0.09970882427647032
1.5724328183168268,0.1903884334776904
9.420393431351215,0.5850056445527556
10.691066160679895,-0.11788044073725468
-12.02693819140363,0.5345157057609178
-12.50929664379241,-0.3135540510027828
-3.94975808171489,-0.9364614292999991
-7.928765157206101,0.4400574705350093
-7.833163785778382,0.19211869381143187
-6.483543131661506,-0.24954820749427875
-5.578438833218229,-0.1682585274918169
4.13894476740127,0.3515639455523456
8.553503657334247,-0.1295537274980716
1.2651229918787692,-0.23615436162561276
-5.078485404138604,0.01878731928113897
9.272059843256741,0.598107180686211
-8.57301289054864,-0.6632542181073544
13.207252341437538,0.42623485265100336
-8.120181410342937,0.6625979505110735
12.918798073765586,-0.23046972874118632
-7.0585590015522826,0.572207835873076
8.579256223736948,0.07667733345539185
6.574785351720337,-0.13999783928748966
-6.566063488053061,-0.6209625815837316
2.7498360020291415,0.7344023783888192
-10.798618221390925,0.10355515667344428
9.06425311596746,0.584653127976958
0.04417841689587476,0.8600352071992972
5.376571109850772,-0.5835085357985221
-10.631009863291311,-0.6048976459836961
-3.5760480391358698,0.39937171031919694
-4.581664208843719,-0.3660390795030166
-4.43816432601254,-0.8573489799449068
-4.185341876123644,-0.30412615581075286
2.0328019021141017,0.5296244543078092
-0.7692922087109082,0.7290720901783541
5.439325868914665,0.055473714684775244
-0.5357465744678649,-0.2780543371276196
0.47555528012838977,-0.7607429212643904
-5.333977604778809,0.6850584293778501
-8.536893938435043,0.7676525941141514
-12.869257380843251,-0.21644114239651402
13.066757026872338,0.34733321514850424
8.034826052836365,0.09474906766709479
2.0138884194871594,0.4026405622880316
-9.681854398845786,0.6711674527029372
-1.8295192452105766,-0.6194934167364032
12.796308778932115,0.3538212723261738
-3.5928603831442416,0.6341871342901115
-8.99004054059587,0.2123311373837118
1.897957967992994,-0.8956423588641662
9.95107513908846,0.21443565360179906
-0.8315634354379569,-0.6313620118648073
7.966171825321638,0.36431680127630295
2.4802522850128526,0.5239482812494425
-0.8857456606606036,-0.07483725196339108
-11.894624976311661,0.5403266159782034
-1.2695719944611596,0.1642704760991902
-12.009904048642909,0.6279214108992726
-2.6067877944410185,-0.06230624499146331
7.633248568775301,-0.773846790720399
9.69274167690979,-0.2640824500802641
-13.029223651605193,0.43829494020033866
3.3648257632984553,-0.37441861563142353
-9.784511652701042,0.9584840778162738
-6.144976148652262,0.20913156788389453
8.603347990522849,-0.2844639236193891
-8.619571767662677,0.32919257283866843
-7.708808504949616,-0.12193743091530251
6.631916371219916,0.4767588339448754
-6.258241032272082,0.6496186272057849
-11.712070692249796,-0.44667393244182985
-8.978991944348664,0.41045391215302973
-5.099932390125559,-0.04240503640837501
2.665177606106468,-0.7279556313570732
6.732761182815338,0.5021330573365055
-10.635377302248301,-0.7417824024755308
-10.694894511785648,0.09387556119728968
-4.382896071438893,0.23291421097644838
-3.268467680800242,0.9917888116707061
9.066124240493664,0.15842111115254065
10.046103675957994,-0.29698752196239653
-4.251235835577987,0.12371733409197083
1.5717444464533656,0.7011487266778069
-7.583664006203534,-0.9619090786270021
-11.205278176945072,0.6993253907469976
5.253818672048524,-0.43174090724566305
1.5984635886435683,-0.12179500925113618
-5.038561596717855,-0.046039328105274224
-0.3035018490547827,0.08347307246776348
2.452945769806078,0.8710869743330223
8.240676282950147,-0.7172313313845529
-1.9837674926425564,0.8553968087509061
6.741496703915885,0.4039822174648571
-3.6926201432763435,-0.9281347276116199
-3.4549690112727944,0.22886529750036244
8.53892881825007,0.7000796283996815
8.189355986180018,-0.37168458300921525
-5.512276722952066,-0.33270233420493134
7.174819246758474,-0.03649215451253207
-5.9332858319835395,0.385209077320527
12.718007601769884,-0.18419172387702254
1.8851871031821332,-0.837879020460957
-5.211663919002746,0.9177454549079715
1.7863505628378675,-0.10237366351429511
-2.9756416172444915,0.5507215002073831
-5.209551382751613,0.7050663486706812
-0.7820107488282844,-0.69390922133467
0.08881360876253552,-0.06871780341032241
-9.608012615587057,0.45214359758757205
11.901219229064381,-0.5698993788468416
-10.371104480309512,-0.08228525079222049
-3.281365739827578,-0.5171660805161009
9.84033228151435,0.8011369359111402
10.578850527760906,-0.9220750946972629
9.965016541501484,0.8331414497131755
-0.37853068994890293,-0.19017097764732727
-7.596580140026418,0.108020945985567
-4.986528424036976,-0.20347660349945995
10.087038010772858,-0.4375746736943169
-6.46429491576184,0.3503064938705638
3.632080296748768,0.9954909447127906
-1.998798860307076,-0.3373490751135073
7.9138161583315565,0.9287410055526215
5.413525454542921,-0.038425940037504436
0.931219627666735,0.1890308409178385
8.64310953665732,-0.4214816223279285
-1.8587397669508618,-0.3887486167330749
1.5190331312633987,-0.5206923335784408
-3.2587163402958623,0.36791677671193046
-3.940225452870962,-0.2189844013851323
11.169498451422626,-0.15053956850214067
-12.918626975864143,-0.35728848102072863
5.173506640151544,0.33889337573235867
6.9786548546912,-0.6581653921404151
1.6818239868952105,0.7098953468798357
1.584578990522175,-0.931181148711169
-11.114027923171491,-0.28030775676522146
5.642019696685608,0.9281897741274516
2.131499368319737,-0.8420250394352387
1.2182929157661135,-0.6516289698409075
8.752643556216768,-0.1182685111063484
2.296583918544613,-0.3859648383427223
1.105121362716062,0.5493669540884396
-3.519493083179043,-0.857264668706587
3.0104763990405274,-0.9621055217206405
-9.19388997861337,-0.998726872772262
6.935939560998804,0.9293298078194798
-6.27298227027029,-0.47344768540493964
-2.6056442815341825,0.47236973813358807
8.226861819154152,-0.3920157478392674
9.803620170167335,-0.9526882690346232
-11.707100305238313,0.21639429067892046
5.57334043999704,0.04883557342999589
-8.013772345005094,0.4677001776845686
8.855532331112244,-0.21765915917964107
-11.43657758610803,-0.4570448127659046
7.520039392177381,-0.17950589123264593
-5.400706171629977,0.6712494530509072
-9.389271509375334,-0.9862001075606721
-3.668492517356455,0.5396673997862604
6.693897411346782,0.9311514764428557
-11.758576651503972,0.39270331637447553
-10.36961505549732,-0.4530934828340014
-7.419193027516641,0.2935078868773682
-6.38414748666986,-0.9617146582625755
-5.235109352642084,0.23989619517587069
3.074253745863672,-0.3761269198963555
-9.926752397921604,-0.6629494862705929
4.508737173663718,0.47754828938744875
0.2107296352538981,0.4955524997739429
2.530385779684721,0.01593668542820814
-4.921207031998847,-0.43757022188600625
-11.311368167588867,-0.6536975852424423
8.233772586480768,0.24688036491605048
8.730098459733071,0.23352453688345998
0.5810676952201561,-0.9400930155119558
-1.7708770175069617,0.9044345853602929
10.845611031943704,0.7406695495238149
7.2545037277653535,-0.06903422875882947
-1.1932035535028263,0.644804110605085
-4.91224626288313,0.6901886282591263
7.660632778181693,0.07266224811188238
11.660690914876497,-0.47794284054961156
-10.223467157056731,0.51066859877376
0.413813672485162,-0.8930189678108431
1.4638785062466297,-0.11882406994187145
-1.6639152223781934,-0.32847126993661324
1.000846626574642,0.5298364867162091
12.582443187592276,0.45870180173109154
-9.097541061626345,0.22716960650239715
-8.44168931831426,0.7589145268774558
8.718016170182324,-0.17363160138608325
5.364334630937378,0.03358833143664852
-1.6465893391018511,0.0227618707427375
2.3414930977876196,-0.29346413866360144
5.006738513260544,-0.3437051723063156
-12.171896948977775,0.028375134846776007
6.260666658717781,-0.2174336668970771
-5.8058760928459066,-0.6965432253741513
1.7631293928934895,-0.6415251360431775
2.6953937028761032,-0.49647279374608333
1.686607060031747,0.8353299703377928
-3.7563295202663625,-0.39653368501045616
-5.421867928002328,-0.8446124619994548
-7.727333453942606,-0.7405880084032033
10.744373908435207,0.8561281638848448
1.9400533873289874,0.2068273756254453
-3.1133080065170162,0.8271125930335061
3.2625544427972812,0.5077068308664838
-6.633818247743136,-0.9420895773523572
-7.680237759579043,0.9177753106070117
-5.441491440005947,-0.6645057808776083
1.8440497850358781,-0.4725201194890911
6.718803888348091,0.8423509818466606
2.3076025257853416,0.3436564544889884
9.88986813730159,-0.31875041402199833
5.667002693693874,0.23915647573223664
-12.21912179226237,-0.29934656626581013
-5.9029422001103455,0.19860704979784138
-10.483045116982566,-0.8655002860385834
-13.304283239038028,0.23742514839440698
-12.089553914434802,-0.3831170695189676
-9.610166412605835,-0.030294155610295137
-7.788032852189758,0.23857715079358943
8.547302958301543,0.4076688194269822
-7.336373115248904,0.363083030491127
-1.9913302797828436,0.02076001760105517
10.118781840140528,0.5973763100299376
-9.611066365077889,0.15953988326055457
12.520438984078112,0.6502104525220649
11.54362670902431,-0.548668768444363
8.959344258043501,-0.7999834363475551
-4.865361970041619,-0.9677544262542119
-4.735114928640357,0.6063328989157777
5.6055672441481335,0.8310861490012262
-0.5876957078658478,-0.7795563821316827
-12.129165962114826,0.5052413037604968
-9.493996826917694,0.6355380021382737
4.37488889389472,0.34111076518738925
-9.494020260555985,0.012372905688477376
-4.560706107093225,-0.10664486476238788
-11.251210110009424,-0.7655964122174208
-8.908791406644582,0.0721470596720637
-11.850059911986506,-0.1320779960549252
-4.847052566427166,-0.457432987240872
13.394891635591804,0.3414617548093124
-11.127279328699615,0.4191615266058748
1.7503719030480482,0.4427375054358871
-5.782622513310059,-0.8183889690944095
-1.615782795548924,-0.08842159964128715
-3.740139542539353,-0.3754399214817472
-1.3672871618738611,-0.2931919848935729
-6.15041050302132,-0.8557342888473258
12.232243786789908,-0.09343751280737678
-11.483528986102925,-0.7268961382439729
10.87967403005787,-0.46265240025791043
6.362355052628899,-0.587149674810707
-0.7241775883306047,-0.051841862639261604
1.4206081108250288,-0.05598538556199495
12.669843686416684,-0.20679254251673096
-9.604058622414897,-0.7801071341589976
-7.052157441778803,-0.08312682378763547
-9.752736170956538,0.8831176911538547
2.9127253169721996,-0.16687090213519773
7.811559593979652,-0.8069975462779004
-12.253920211117773,-0.5161459072663819
-13.234985153062453,-0.28202592980692853
13.156869947320999,-0.14965811843786336
12.928537963313374,-0.2162123339906934
-9.098344334356142,0.7848957125248308
-10.231079251024553,-0.8200666956523688
-11.10786972351076,0.4677209619398106
5.9910024108474005,-0.7940085843986417
3.544254754277148,0.1699087952842202
6.398967467772849,0.826847284455976
2.0860349406100767,-0.048976755427678764
-1.734979833071833,-0.3942147891308698
-5.410557972445503,0.2623469014351798
-2.605806652894586,0.03239594497742959
13.481622176705471,-0.24873757199066815
2.0597296403857825,-0.47623578644678055
3.4886312591514184,0.9031425986711792
3.289818810937888,-0.7959618579052277
8.856518373344784,0.10925107918815358
-0.5353542895376648,-0.4379773793773185
2.051962856619596,0.38943338076222545
-10.569578118356773,0.46824059694481934
3.2720065861278727,0.7347260825799724
-6.312367791892285,0.23732818385839405
7.4592734702606265,0.9909488833778235
-5.639116649014568,0.7940556088244419
1.699445817720104,-0.12854045121788737
-12.18867979334604,0.4476689451553726
-5.861264062262578,0.5567564247539472
4.7173960338670895,0.2804764891097824
1.9706311025847754,0.034374080482428404
3.2189990263222086,0.7324091331125939
9.250348068103321,-0.9323272161198686
-11.687419258728,0.5703098695853166
-2.7797630874063515,0.9546426035172852
7.531506635547515,0.6671694226513905
-5.555211850097734,-0.5147996797340624
9.455356286723315,-0.8212031227547703
-8.79419793731573,0.7015477313473288
-2.0335239457513126,-0.07625059304425919
-2.3020465417271936,0.9517972379269575
1.9899473890080799,-0.7142078280600734
1.7819312173384674,0.15044304741654968
5.894617613531878,-0.5449871847184642
3.598792701126257,-0.4464969805829342
13.194929671696286,0.4521632678191314
-6.428229985843743,-0.6644163532193226
-9.823425931921847,-0.840081046457938
-2.7576889242243823,-0.8445276169291867
-12.531464015222625,-0.5598483972005004
-10.9686283945273,-0.815735234083951
4.743915599480687,-0.5055342630525443
13.138694861302653,0.40178510546481316
-7.186881293243715,0.620484802400812
13.273909088584944,0.263286198472767
5.737789801103048,0.05759201614877418
9.877959451872556,0.6377962044839869
-1.6535644432903638,0.8909082537523954
5.7915227326350305,-0.633854047987011
-2.6248458271748802,-0.8319820571165513
0.9868463676974528,-0.07695170432628884
2.4657334554455446,0.8364906758025576
11.616461559049426,0.18193568663472592
3.5417191735495095,-0.8476795107176212
9.301388771861781,0.1564529961288612
8.370452695092425,0.7719598864124051
2.3497049576427003,-0.7121320015551031
11.199738636312844,-0.5188917301464397
-0.1165049905921478,-0.6156990239370157
-11.403453298002447,-0.7912203676972838
-8.804806854337627,0.8194016390409278
0.6260625060907898,-0.9545727478384081
4.368503896723496,-0.810598476446104
-2.2260934632044638,0.16818188964106828
-1.6301641811178769,-0.9594690960095569
12.90961850395334,-0.49915987230359815
-5.152802378804495,0.043932706956612444
-6.803546052786388,-0.44786102551954965
-12.495163172580263,-0.620302159488775
0.9264696235742065,0.7966287373148626
3.511152549631504,0.9399933954096567
1.7882914727135528,0.017694087507764245
6.412670935297584,-0.7890930285376212
9.32681200459254,0.21782238178168334
11.043785076536096,-0.3693218568278007
8.861376150465361,0.404908841227567
-10.40113960162256,-0.5593362867359815
-9.661615689744423,-0.24049704164162855
11.238064305196644,0.009704066110192144
-10.943699335587496,0.3911801561808581
6.748626592206961,-0.8553065597412501
-5.340897566255137,0.4709712745420056
-10.886033937170183,-0.6818189222368805
-1.51200713607966,0.4287018605740638
-3.0218611054483517,-0.31280837088855207
-6.387630869367328,0.6625756693726801
-0.581951560830916,-0.35508512793300784
-5.179211857704914,-0.041017664632635675
-10.049651938404168,0.46878708690291737
-3.89581597915776,0.25528569531024936
-5.104078225419826,-0.42087000756625903
10.8686516509064,-0.24270617411702933
-0.10408695954457414,0.9470158284821215
12.51612618940949,0.002545111009972567
7.079938263555135,0.7138354559872573
7.6352576684049325,-0.2746600604555691
-3.4812854472094443,0.9451244919639117
-2.5598668224805436,0.3895933683798438
4.383668641524153,0.9869976114452734
4.590290727632123,0.4929480628291467
-5.19497211470177,-0.9273703640539461
3.0027383041520466,-0.8353755329931754
11.098088750739166,-0.22944047827059189
-7.947910401937946,0.2561870802091142
-6.977584069655592,0.7924928667926381
6.461478138224464,0.9066540601449584
-8.479749453717574,-0.22650712692034713
2.114435279765118,0.27202040428056296
-10.880930345902271,0.037986375599123656
6.435902049513118,0.7818842778388939
-3.3357639189770367,0.28552784581042756
8.562041123231495,0.38153165039804415
-13.676391320036956,-0.1845418737233333
4.262605026692228,-0.17618159758159635
-2.3821483927483484,0.6505705284527272
-8.707123922316256,-0.73521196715043
-1.8012755187581888,0.17116232538221743
1.4539224343422745,0.8355098153183889
-1.6385554443233445,0.1030391493786802
3.715002510910594,0.17062866739388638
-13.015995187690905,-0.3599055914554887
9.721982517463019,0.9866589179399954
4.608931842828554,-0.8675946914225205
-7.6355718031605875,0.10779494496048758
9.535044179167713,0.7657572382343971
5.100553925945789,0.1514228771774606
8.063485968051424,0.002828061822699457
6.722199873550878,0.037925298450443234
3.9425413285539435,0.2148410016490152
10.958761810008298,0.6339140690164209
5.978417764441346,0.18435048297655854
-5.23413268477384,-0.7141258614915307
4.459547904321212,-0.9635717968589215
-11.839257148145151,-0.46762572203887265
9.2920103377772,0.829133903294943
11.759240169735037,-0.33666708413085233
3.789059185458072,0.2982779637383681
9.111943617252265,0.9469543904647946
5.609089379469822,0.5640445979276167
4.080074378423063,-0.48302267230393925
8.662483210841415,-0.22094395022337143
1.4705316802062072,-0.1544755556970967
7.072326275484471,-0.40144592951170055
-9.854728218739467,-0.16001197701307257
10.410750596181856,0.4078376989178951
-5.300195762652237,0.27330183911961936
-1.9758095860960054,-0.6692742213360694
-1.5068587184388065,-0.10570444689952407
12.980496124449331,0.23682781276732956
-7.47686551321496,-0.4351881561312696
9.842460850380249,0.43759917162332207
-4.298933458244875,-0.6233907636051841
9.312829790310985,0.9582245491996699
12.139058348404276,0.254843096261546
-5.876447052274486,0.11818219821606402
-2.6756926780277155,-0.568466298312571
10.779668909260039,-0.2392552780320405
9.895685452543162,-0.46772224910098315
6.901243250489799,0.018952272031672157
-5.142206931449536,-0.29497989824431103
-10.285290173479453,-0.5022786833489576
-4.86992326854778,0.039139450704759327
-7.254750824551664,0.972080383341684
-1.1932564132319357,0.08634755285938889
10.153322479617628,0.35030031017588725
1.8628668684146419,0.04385567545465885
12.80910691370083,0.19709778277200507
-12.272873322233394,0.11113365362755068
13.125035757495567,-0.5038306790415472
10.805191048451007,-0.7540158731432747
-2.2166162982092175,0.6432289882224085
-8.869395307832335,-0.8590950004424274
10.890652246891918,-0.4279140923373801
-10.115017049941315,0.805239306247385
10.623054050728825,-0.3878629476175768
1.9190226309117264,-0.008904161021815016
9.638349083554985,-0.8999388204963219
6.644146469847655,-0.5430897764144358
-9.009269327500789,0.76112996867384
-2.0308708354700826,-0.2993658553339553
-7.842803381105483,-0.8673549820194533
-7.070681265047725,-0.9122243492868687
6.556459141865872,-0.19059333231493292
-11.729250872560584,0.5300564934520988
-11.490131365317353,-0.1342680815147499
2.876774496094427,0.6574165091774828
-7.737971175387301,-0.3279082706343115
-10.107009523698778,0.191236236993376
-11.392320062858417,-0.5471339536708855
-8.810634655692937,0.8929730812999093
-7.227170134768883,0.6587923888062173
4.513600907720729,-0.941496250578528
2.887889529515334,-0.940712083566857
-2.908253395065927,0.7621291118473985
3.7008423126845003,0.7260879476176929
8.745864676906649,0.8702404192752751
9.894128352212263,-0.021262725193607945
-8.998403837503787,-0.02223535818162614
-12.468948194289766,0.26348380735842136
-7.752989424146634,0.4800257514584523
-8.17257719908362,-0.7629147836255865
2.095472171926076,0.4921326804179518
6.664229983843157,0.9909017250850831
-4.695832882550349,0.8511895008124897
-6.206284179631766,-0.6031674747109141
0.6738875778326445,-0.46489478741295565
-8.135581884670145,-0.15142644653928583
2.29203543860433,0.3514467139884898
-6.937770273341641,-0.8802408375381043
-3.7892283270703757,-0.6153617767439798
9.732128086938772,-0.6291450868300434
8.531545004394886,-0.41104729868050494
-4.89312752650406,-0.2725454090767978
-1.5864882185251616,0.8834867175565548
3.1139905298990413,-0.13906848169725694
8.656934773966967,-0.5356605517405924
-10.13533566655127,-0.028265710551467427
10.786737291256571,-0.16775052536245316
-11.467239885378604,0.5471194191115476
-9.032322147074836,0.09061262640385892
-10.380434762380531,0.282636622626669
2.890830512670874,0.16727209523843722
5.911734074912147,0.7804014017183316
8.930027373863453,-0.6938157632769537
9.67628890714603,0.411055976211256
-6.947008614568432,0.17988677936008912
1.766215932252706,-0.3007795575973655
-13.518524023879223,0.3996931503580583
11.155168418738896,0.3273425557273726
-5.162269956396244,-0.10761298739765213
6.356787936649226,0.8298454725882298
3.379213918098614,-0.9147188201590535
-8.857886672938875,-0.20462847140564966
7.802753292474534,0.8644065178063225
10.296939700042486,-0.5835178487981394
-6.692872688564265,-0.014309832506812503
0.20925673519025167,0.20653123988056787
3.5803923661317185,-0.7441670565245044
6.787967501922097,-0.37609030174181957
12.765733304244733,-0.26270620757485275
-12.773512297327372,0.4973225015725409
13.634975925550208,-0.08044520230057395
13.682409041330018,-0.22406210622751965
9.440048850378616,-0.5762829020692748
6.1386710333401595,-0.7379518611816589
1.7823098136073696,-0.5956249596772301
6.135286232056217,0.0394396541564308
9.39923692214552,-0.26351513843968344
-3.9240123993617715,-0.6624793953198251
3.9577927008638483,0.1562523399698259
0.8125912221427001,-0.05190444664615357
-8.911486289490966,0.23358901638518836
10.175404005229254,0.28539562055750456
-13.844881240226542,0.033803462809981255
-10.49399290312165,-0.20524326622292577
-6.702909114420038,0.17650856395291736
0.946501198368523,-0.5765540480277538
10.344200295268479,0.05454082447205777
9.362712655651407,0.9265455155849891
-7.673039418034591,0.523682097065838
-10.40591034401426,-0.4144133681621147
12.610513854767774,0.37741135668311254
-9.045083092055535,0.0784188739855729
-7.50516825228577,0.3424791597641732
8.07802017841641,0.23499989349946282
-7.418832238153854,-0.29092175960867306
-10.86525499050552,0.25864337474954513
-12.45124680615423,0.13199930046839992
-3.237789643908883,-0.2004517959647556
1.2593361274095827,0.4569766758821132
-0.8113833065897609,0.4195614660010507
-11.682366976112647,-0.2353354772307925
1.9493380948351984,0.415363229906458
5.067326943234335,0.706933791197051
2.860011158075835,0.6745332070004428
6.9588731267954245,-0.23806478522357977
1.6326751513714015,-0.04105877738058328
3.106780441873468,0.7780215654149594
-11.40552524844567,-0.6036831556413533
-7.2106390702324035,0.0358640173843805
7.821388703076067,-0.24826191478606696
13.410806481888244,0.29228466325355273
-4.346365897969278,-0.922061514649128
-5.652992142091534,-0.6572168530006137
8.399353568643207,0.22710873737347348
-3.3256119679225975,-0.8500768196010404
5.680134498844168,0.4151851727415983
-12.457803881905534,-0.05580774298506497
7.107371441690475,0.7508981673297637
-0.2870137651798501,-0.7958577053011502
-2.3970789581950953,0.6665194546322639
2.7836820786577334,0.9361682109583782
2.5793595491892916,0.7519018156427417
13.484768380778405,0.10924030175497701
9.053172981706965,0.43506808778201966
0.9274951974925614,0.2349267102216721
-7.3603066800453405,0.4388515011791041
-13.191803604254432,0.39090261572211005
-10.55107547344329,0.018529209898992205
-3.8264116194521165,0.5447502266402366
-12.460647694926365,-0.26720685148240886
-11.397943548794288,0.4188429681635102
7.027437557102601,-0.6708690761667704
-1.3459950470168849,-0.5189954325099821
4.554017170797039,0.8685784603503632
-12.692580281833443,0.06689582607048927
1.6341374396555182,-0.9149860424500598
6.724762781296192,0.24455315521228682
-8.654887948840923,-0.6639653090930266
3.8482251318930025,0.623670658614599
-6.511952240141312,0.7136488605346798
10.233296967132603,0.5212461488089537
-2.15350359975686,-0.37255096458510817
1.0675874118170725,-0.8381138763037499
3.357023748770402,0.1718299773176648
5.938209913435614,-0.40607485720787273
-3.517351623339948,0.036908958846582296
-10.54305447667278,0.2125209274744806
-3.2807969180823164,0.5300981668271729
2.4328353427331564,0.13998502158634607
-13.784175315071508,-0.2359504466021871
7.53803778470008,-0.4662291078022722
-1.3858383471840199,0.16111295008981252
10.02866061293426,0.8513139689502165
-8.891732507918277,-0.7231079084564982
8.434826976706105,-0.3784431091568041
11.435211354939568,0.5475372341254379
12.752627204260207,-0.07798048338892838
-6.448052454378342,-0.4597389219574244
10.104767738830873,-0.4063344027912128
-1.5200554695286712,-0.8701194870631406
12.00780574364093,0.41893423259745566
9.235162490522256,0.6318443900510051
-7.234992632858379,-0.028674018680743263
11.961421272718113,-0.525908490875054
1.9993670720882761,-0.7401880667341527
3.6114238366154297,-0.13480652819605288
1.884936930136405,0.7875083369646543
8.842576637269659,-0.0387404091813941
-8.832942721578348,0.7680321983515903
-11.529376934791586,-0.21435264864915693
-10.5353700218932,0.9165385134284625
-0.6509519588208832,0.6881860909564954
-10.923512244796171,-0.8505549406970856
6.482258534387668,-0.8211135878140181
-10.954031184381392,-0.6018691207401332
-3.845213665266229,0.41143454279804237
2.7698107550058637,0.4748995886856202
3.459924439957419,-0.6260677821080212
-10.869258783678788,-0.4379668166695627
-9.477497571594313,-0.18230402470176266
-0.5679474802580415,-0.1800032405808345
-8.182867376969341,0.15220150831011314
-0.3590473530718157,0.489532433294255
-7.666648579839077,-0.6603106975055233
11.72877146020565,0.7782843328974198
-9.818381107655625,-0.22875081998160307
7.0167814160058555,-0.6371145606445949
-10.727584689067939,0.2307540771673795
-1.2723655119920352,-0.8928581890040177
5.251397276488248,0.8432340743302713
5.595008336988457,-0.49681677300687954
4.326124763283133,0.9390349807809
11.463355180403639,0.6939584830303089
11.734724991797819,0.04385165792224588
-1.4771415756973454,0.9886033062981681
-13.572431348399476,-0.17860031519143815
9.844386634298317,-0.4337588419218952
-5.5519294234952525,0.10988791612324333
11.185370956160966,-0.24727840573778548
-5.5360716001407155,0.45218458421027985
1.0977351851844332,0.9755820386123
-0.5888087863553153,0.9695845304910653
8.71750603729167,0.29446387401436813
-11.118904190184793,0.26029198956159516
-8.546274225370738,-0.38397876471819137
5.392364834150271,-0.006413507696950704
-3.906097075779556,0.4515647950450883
-10.502885462066729,-0.4343840530602827
7.455508076874068,-0.08814507854508769
3.783810286284293,-0.3576669543266622
-12.330969585273664,0.20706056373463433
5.921088482870388,0.6587374314775842
-2.286409805189507,-0.5598993520877638
8.969694197109092,0.6043120597167111
10.172891244366838,-0.33566428062895337
-5.805411022362122,-0.18994282078606917
6.303977784717944,0.39288752372280045
11.95852802619028,-0.31022047026591304
-5.5624035668172525,0.6884354866305704
11.341405328178496,-0.8123036628673554
12.361501493561278,-0.19719488528033202
-5.204955771857129,-0.8249324985004047
12.797785684438836,0.5130335056352411
8.172845103138187,-0.1862064092912168
-10.493664660245145,-0.09703371253478132
12.585949040156024,-0.23361978128687544
9.598950527465618,-0.82474494058144
-6.155458868800594,-0.4294380063702796
5.792512273930868,-0.4649767118453969
6.101027046146527,-0.6000500454326714
2.230751711341597,-0.341144569560766
10.685096418310607,0.16495609413544798
-0.17954103789779197,-0.874450131752607
0.20284110335950345,-0.10507443225605195
-11.310539074016873,-0.5024347167409267
-11.467235905708392,-0.253961798289148
9.326655015901082,-0.471132142414586
-13.855479153048918,0.25347518930240254
4.8015280904852204,0.48402566832620764
4.880535775026388,0.3911011086916756
-3.9177073206070787,-0.9726530649010845
-10.530847395356517,0.483538014979096
-0.46645470095958785,-0.33366885923287337
12.95932517336422,0.5228133623258351
10.38025561382932,0.24428524316132028
12.012245085987843,-0.142038945301723
-3.4844265615091814,0.3133870339070224
-6.711318384051594,-0.233579876920035
4.87779774347797,-0.7647991048812668
-7.247919920448027,0.9437066837276398
-7.427443309264859,-0.29826551467309215
12.875000079222488,-0.4854443471601042
5.018574059305948,-0.6506558120732395
8.708032567594401,-0.04981779620679161
-8.711601433475536,0.575692233313903
7.259236298811999,-0.5460373070372759
-0.3174792205991679,0.20498700003835602
11.132204448840895,0.8019705323736253
0.44118207120737907,0.9753272927634311
-1.6996777780508694,0.6862350085868014
-1.6307229717981215,-0.9718419373394329
-12.634810734691172,-0.19368582769758924
10.866885937441722,-0.41636580303554394
6.567076493274101,0.8173218833328324
-5.568698923350894,-0.21528001989301804
2.214016878887776,0.4713583587294705
-6.9244520605535484,0.5241175601037931
10.59865343687025,0.31718971701144705
-8.234546772602641,-0.9983069309134895
-9.309912781290592,0.25057279198621263
-10.975016820645408,-0.49563792781365756
8.828428981280467,0.12879507680405178
-5.214871586501431,0.47422917869945547
2.2550289969820625,0.4542529744193595
-8.624118659836896,0.8160733546133696
6.973401816825998,0.26817177734470676
-2.322517818236804,0.935305461715146
-11.317922947397705,-0.6333194118802443
2.1297215504206974,0.49523493173519717
-6.616852973497743,-0.6389793571786995
3.6705541595668763,-0.1301933241283777
2.067236855162122,-0.17115007353489142
5.6598156753652376,-0.9732524223002867
-0.27940523069220546,-0.149146248214594
-8.668314569855013,-0.7151927300621943
